name	x	y	z	material
F3	-0.05180903841183724	0.08668789888287941	0.07871409302883386	EEG
F4	0.050274277731628736	0.08743838910239796	0.07727065434234194	EEG
C3	-0.0671487229331174	0.023358230537446293	0.10451068106024831	EEG
C4	0.06532888071838541	0.0235731049615695	0.10369243420047652	EEG
P3	-0.0550382318026169	-0.04421030466234088	0.09990897692200874	EEG
P4	0.05363601546337514	-0.04433452185507687	0.100516027732151	EEG
